Name,Part family,Type,Design,Order,V&V,Notes,Design Intend,Image,Material,Product name,Supplier Order,Interface with,Link,Supplier,Datasheet,Amount,Cost,Total cost,Count (Interface with)
Silicone gun,Box,Tool,Done,Recieved,Good,,,,,174-791,174-791,,https://dk.rs-online.com/web/p/dispenserpistoler/0174791,RS components,,1,DKK53.00,DKK53.00,0
M5 Nut for 2020 (not 5mm),Box,Consumable,Done,Recieved,Good,,,,Steel,180-9104,180-9104,,https://dk.rs-online.com/web/p/forbindelseskomponenter/1809104/,RS components,,4,DKK79.00,DKK316.00,0
Silicone,Box,Consumable,Done,Recieved,Good,,,,,DOW DOWSIL 7091 ,2756048,,https://www.diatom.dk/kemi/lim/silikonelim/dow-dowsil-7091-silikonelim-og-taetning-graa/,Diatom,,3,DKK140.00,DKK420.00,0
M8 8mm Not T-nut,Box,Consumable,Done,Recieved,Good,,,,,224-7637,224-7637,,https://dk.rs-online.com/web/p/forbindelseskomponenter/2247637/,RS components,,6,DKK45.00,DKK270.00,0
M4 Nut for 2020 (not 5mm),Box,Consumable,Done,Recieved,Good,,,,,180-9103,180-9103,,https://dk.rs-online.com/web/p/forbindelseskomponenter/1809103/,RS components,,2,DKK79.00,DKK158.00,0
M8x12 Button head screws,Box,Consumable,Done,Recieved,Good,,,,,0281338,0281338,,https://dk.rs-online.com/web/p/skruer-med-indvendig-6-kant/0281338,RS components,,1,DKK76.00,DKK76.00,0
M5x8 Button head screws,Box,Consumable,Done,Recieved,Good,,,,,822-9114,822-9114,,https://dk.rs-online.com/web/p/products/8229114/,RS components,,1,DKK35.00,DKK35.00,0
M5x12 Button head screws,Box,Consumable,Done,Recieved,,,Longer screws for box,,,281-265,281-265,,https://dk.rs-online.com/web/p/skruer-med-indvendig-6-kant/0281265,RS components,,,DKK40.00,DKK0.00,0
Left Side Box,Box,Custom,Done,Recieved,Slight modifications,Holes along top bend are off which makes the side bow outwards in a v-shape. They were drilled by hand and should be fixed by being laser cut the next time,,,Stainless steel,,,"Print Platform,Top Side,Front Side Box,Back Box",,DTU,,1,,DKK0.00,4
Front Door,Box,Custom,Done,Recieved,Slight modifications,Holes were without threads. Drawings are correct. Could be stiffer,Door with window for viewing the process. Has rubber seal and air tight handle,,Aluminium,,,Front Side Box,,DTU,,1,DKK100.00,DKK100.00,1
Back Box,Box,Custom,Done,Ordered,Good,,Identical to the front,,Stainless steel,,,"Left Side Box,Print Platform,Top Side",,DTU,,1,,DKK0.00,3
Print Platform,Box,Custom,Done,Recieved,Good,,"The print platform is a crucial component which bridge the z-axis subsystem, recoater subsystem - and the powder handling system via the recoater. The shielding-gas cross flow also emerge from the platform. The alignment and perpendicularity of the z-axis is controlled by the platform - the fit in the hole should be a nice transistion or clearance fit with little to no play. The top surface should be flat and with low roughness. ",,Aluminium,,,,,DTU,,1,,DKK0.00,0
Top Side,Box,Custom,Done,Recieved,Good,,,,Stainless steel,,,"Front Side Box,Back Box,Left Side Box",,DTU,,1,,DKK0.00,3
Front Side Box,Box,Custom,Done,Recieved,Slight modifications,"Good, but not stiff enough towards the top when closing the door with the seals",The front side help form the box and hold the front door. The front side should there have thickness to accomodate blind threaded holes with appropriate size.,,Stainless steel,,,"Left Side Box,Print Platform,Top Side,Front Door",,DTU,,1,,DKK0.00,4
Window Frame,Box,Custom,Done,Recieved,Good,,,,Aluminium,,,,,DTU,,1,,DKK0.00,0
Back Door,Box,Custom,Done,Ordered,Slight modifications,Holes were without threads. Drawings are correct. Could be stiffer,Back door without window and rubber seal and air tight handle,,Aluminium,,,,,DTU,,1,DKK100.00,DKK100.00,0
Right Box,Box,Custom,Done,Recieved,,,,,Stainless steel,,,"Print Platform,Top Side,Front Side Box,Back Box",,,,1,,DKK0.00,4
Top Side Bracing,Box,Custom,Done,Recieved,,,,,Stainless steel,,,,,,,2,,DKK0.00,0
Top Side Powder Bracing,Box,Custom,Done,Recieved,,,,,Stainless steel,,,,,,,1,,DKK0.00,0
Front door hinge,Box,Standard,Done,Recieved,Good,Seems rigid enough,,110302362350_001.jpg (https://v5.airtableusercontent.com/v3/u/33/33/1728496800000/U-elxf76KxwjxUQhVVOq7Q/7oriLrogT3Nhu5HxfL_kgqhFSaLyv-079XajWTfrzleSRxA_y_kivuPbr3R8oGD3pPuicKSD6_9EFgq8UDxH-JWqXRg_zztGg7PPvpTEhekFmPndnMpMuJafTpBGCnpHRuMWNTBmZJuX8KkN5c29GA/Vwy4HA6WgB0h95cu6uKsjDvNyt8eLicbu69GrE2isSA),Steel,HHPSNL6,HHPSNL6,"Front Door,Front Side Box",https://uk.misumi-ec.com/vona2/detail/110302362350/?HissuCode=HHPSNL6,Misumi,,4,DKK52.00,DKK208.00,2
Front door latch,Box,Standard,Done,Recieved,Good,It seems like it has enough closing force,manual quick release latch locks shut the doors tight up against the seals,TAK1_221004913013.jpg (https://v5.airtableusercontent.com/v3/u/33/33/1728496800000/fjH7c3oXfVNnx4xWfwMdMA/TswOBGyAqPuJcXy04FbzWi0fSuwZqUTSCIk5DYTpTpKcXw7aj71nBYyImDrQL7hkuXafxxK8uCtwNC3rts8kFngEW1D7zC8AXmYaNvaTLisWcNk2nqxOLGLqjFAf6omlxYNBpffrUcvcj1nDxx9Nwjb-BXT7IvG7MtDYyDzYhvY/Y0SbBQCEtuG_jjWHWR8FSaXft9pym_Eq_Ev3adoIwHg),Steel,FA-624-2-L,FA-624-2-L,"Front Door,Front Side Box",https://uk.misumi-ec.com/vona2/detail/221004913013/?HissuCode=FA-624-2-L,Misumi,,2,DKK225.00,DKK450.00,2
2020 internal profile,Box,Standard,In progress,Recieved,Good,,"2m long 2020 profiles for simple fixturing and lighting inside the enclosure.

4x 523
2x 729
2x 764
",,Aluminium,850-8470,850-8470,,https://dk.rs-online.com/web/p/slanger-og-profilstivere/8508470/,RS components,,3,DKK130.00,DKK390.00,0
2020 angle bracket,Box,Standard,Done,Recieved,Good,,,,Aluminium,180-9136,180-9136,,https://dk.rs-online.com/web/p/forbindelseskomponenter/1809136/,RS components,,4,DKK54.00,DKK216.00,0
Rubber seal for doors,Box,Standard,Done,Recieved,Good,,6m of rubber seal lip for both doors,,Elastomer,TRSAT3.2-X-L6,TRSAT3.2-X-L6,,https://uk.misumi-ec.com/vona2/detail/110300286760/?HissuCode=TRSAT3.2-X-L6,Misumi,,1,DKK435.00,DKK435.00,0
Laser safety window,Box,Standard,Done,Recieved,Good,,A4 sized safety window,,Polymer,,,,,Masentia,,1,DKK2400.00,DKK2400.00,0
Recoater Blade,Recoater,Custom,Done,Recieved,Good,,1mm thin waterjet cut silicone sheet for recoating,,Silicone,SiliconeWiper270mm_1mm,,,,DTU,Silicone270mm_1mm_x2.pdf (https://v5.airtableusercontent.com/v3/u/33/33/1728496800000/7nkQZI3qHzmbKqDJVMj1QQ/lpiYsyE9McQsqcG9BEwIDDRUktmpNADpah9cwvF3OkZ8t4ssN2nkPGYtYrt9tKFjZLEFknWVFiB_7VI4ujj_lQ7zB4J1eDhMuj9lWAA13b2Ka5Phf9x-JGGh8U1vCp8sGPKtYrzL5WzA8EaBXzaVhgdmoYlpGFk_VsXuIDSCTKg/nBIJpR-1lm_2Sm4Qe5ZnUCyO7LmbXfZjaGDYnSS1rFQ),2,,DKK0.00,0
Recoater head,Recoater,Custom,Done,Recieved,Good,,Adjustable recoater head that mounts to recoater arm,,Aluminium,,,,,DTU,RecoaterPlate.pdf (https://v5.airtableusercontent.com/v3/u/33/33/1728496800000/ATcCKE4x9I5XkFrNrK9E-Q/lRMbwuKnugmuS_4yhBOMClg07KL3-T1kHcJebM1Ei_dh1pAbOd90crSN672UtgaJCkqjtYSOaLzcb-jZdlSQ-Z8sllQeTDa7AmrSQ9Z5jPiKVh4z9C5al2uVbkr_Rt0zuqAWTw3Ky6lJa4YlAnjQNw/GVuJTJxD_r5T41JSNweqqjdjZASEXchTQWDWNOfULcE),1,,DKK0.00,0
Recoater Clamp,Recoater,Custom,Done,Recieved,Good,,Clamp to hold silicone wiper,,Aluminium,,,,,DTU,RecoaterSiliconeClamp.pdf (https://v5.airtableusercontent.com/v3/u/33/33/1728496800000/YRfPB6B-nusAufArNSwfyw/3UqUxNv7cuD_57bH4dSkA_mV-kxETsoq70BLHi9rcvocSPIc2ba2VJaEgyIZhiOAjGEsaWXUAQ1ZCvhNnIJPogz2bY0ihDzz9XYtN4mECgTxuFFZvrQTiIWqliseYVvvkMCA6xYqhPn30scSM1Qfojrp-qxPUjXChVBY2HIC6sM/v6A28MyKF534M3cK6FeCwtoMcOZwPk7_u6jW1EJH8H8),1,,DKK0.00,0
Recoater Arm,Recoater,Custom,Done,Recieved,Good,,"The arm should be very stiff and safe travel back and forth, going free of the gas flow ducting.
Simple rotational (axis normal to travel) and vertical translational degrees of freedom. One clamping connection point in one side could work",,Aluminium,,,,,DTU,RecoaterArm.PDF (https://v5.airtableusercontent.com/v3/u/33/33/1728496800000/H_8QWz7tI0HkrbGYsi9bCg/rPAjoh529VjWHRU_8VPhbr416zAb1eZBDm076jvXIseswqvjAlsRFLUalONrHYk57QxZKyv-Byow6K0qZQOf0O0yRGguyjh4hQZOweEt7GeE3LU2HimIFyw54UKKRvM0539b4aj2ojDoQb9MBWHRbw/lF7u5lsRAPKg2Qe1BmLw_I75P1Vj21iVR017Y34WStU),1,,DKK0.00,0
Recoater stage plate,Recoater,Custom,Done,Recieved,Good,,Plate that mounts to linear bearings. Must be flat and stiff,,Aluminium,,,,,DTU,RecoaterPlate.pdf (https://v5.airtableusercontent.com/v3/u/33/33/1728496800000/co53XUJl417KLXXZIJxhjg/iPcvQ-xTlO_arTT_qYf6ZXoivN2SPAcKRxOiQnDWPbzARaEyktQXsjTW3j5aCKVhv05YgveOOFkUGf76vicyvuBe_c4QCWBo0IkNxx9bSYrxnCdsSbchO00g_f5XvgxjWY8Bed18np4g3aWBTpHEHA/mCEEROnKWL8vUKSfNigmhcdkS4-JvnkZxkXvgVfnIEI),1,,DKK0.00,0
Recoater mount block,Recoater,Custom,Done,Recieved,Good,,Threaded block that connect stage plate and arm,,Aluminium,,,,,DTU,RecoaterMountBlock.PDF (https://v5.airtableusercontent.com/v3/u/33/33/1728496800000/McOXAS4Uu3H3L1sKoG4Kzg/Pzbw5cuLLKjf4YJWkvNiMaTq5LUQSPcfE7Lu9pCHT87gfS2WElQNd504oksqg5TkfaRoAlAxxTj327imnsdjo-et4GYNED8-15M9ssCxi5ssnjyEdGqk-z38mgMCgROiRhvIVdRdOen7ZrhA-_wHMp5yZMhrVeWYBIZx3_BKV6A/-pPIWgdSgK-EqaW3XDwTgzEFlVB2z4XXc640OgcXcX8),1,,DKK0.00,0
Recoater Wall,Recoater,Custom,Done,Recieved,Major modifications,"End stop bracket mount holes had to be moved due to new limit switch. Could be fixed by making a new bracket instead.
The bends are not perfect and for sufficient alignment the support brackets must be used","Thicc sheet metal recoater mount wall that hold linear stage, end stop switch, cover etc",,Stainless steel,,,,,DTU,"RecoaterWall.pdf (https://v5.airtableusercontent.com/v3/u/33/33/1728496800000/8siR7llSYgorJkk_HXWEmw/54GdixAb4qfnXZRPfkZ027qW7Bs3AaX-P_d1nw6CSprVAzgHMB2kiYxTcvgw4loqx7CP_zLWywXJCNfHWuVAvTiFzDK_u2M608RD67QTJxAVA2BXRSWZ3dzN_lLooODRxK1oY8C_JBMRQRF34Ddmtg/kijy1uhsBi9Vr-vjvuWC_-yd5oTqZuaeHeYbyy3yMSQ),RecoaterWallSvejse.pdf (https://v5.airtableusercontent.com/v3/u/33/33/1728496800000/Q2loOPReIk0SJ7BmuJn40g/0zfVwbwRYm1_ENnRgmXC_py_XOMeLwFq1fOgDFRUV9zwoNvG9CDm-kPPCWoUPv97tHIPnG0k_87hW3xIehr5RT4VvPJKbeCv8ZAs47jrt-bfCwXHwXp1mjIMTmtQghe17v7uWQ2lKr8d6ClaZPzpShpjfXnSV9jQy5fLZO4lrLE/aZNGiN7UuYdRM3EpfQ4mdKZ2EcF2-D-poE5-8Di8yds)",1,,DKK0.00,0
Recoater End stop bracket,Recoater,Custom,Done,Recieved,Major modifications,New limit switch needed to be closer to the recoater arm. New holes were drilled in recoater wall. Bracket could be redesigned to give more freedom,Small bracket to hold end stop switch,,Stainless steel,,,,,DTU,EndstopBracket.pdf (https://v5.airtableusercontent.com/v3/u/33/33/1728496800000/JYPC7im-OHejt1mjwFq8Rg/aWN3UrXo2cwB-Cwwkk2klrOxwFYuf5qqXxrpUKu0GnhxerPJiva9vyEHl-yVvoq_1lG65nglnXrJHJUntcxY5qd97tfefP8UNir_uyY7Y9CaFSJVPVK7720UkeJ73cGwjZ8xaIQ7G4XAL4UbvohFPA/r_YBBKSvlatDZ22wOmAlmAjnDtvFBAu4VffRoByw3TI),1,,DKK0.00,0
Recoater linear rod,Recoater,Standard,Done,Recieved,Good,,"Linear shaft, 20mm",10302634310.jpg (https://v5.airtableusercontent.com/v3/u/33/33/1728496800000/Q-M2S-kt5Tg0ru-cQY5gzw/sDRNgI3lHfN_7Q9yg_DSUYfXfQST5JSHE7eDhAjBOW5MLe3TNTPcFTRCajB9tMcj6ruzcLSkXIL1pE2vGr3dS-oPgox7oRquoKvKbtEvynThaj6KfGhl1HTsJDKGfMMToOJv9fXQe4n_cPT2qFDpYg/hka7gORhHMTS1Vk6g3hDVQGEyGXr-oTv6NpaiHSV-Q0),Steel,SFU20-680,SFU20-680,,https://uk.misumi-ec.com/vona2/detail/110302634310/?CategorySpec=00000146753%3a%3aa%0900000146755%3a%3aa%0900000146752%3a%3aa%0900000004017%3a%3amig00000002330235%2c22%2c24,Misumi,,2,DKK175.00,DKK350.00,0
Linear bushing shaft,Recoater,Standard,Done,Recieved,Good,,"Double linear bushing, 20mm",221005199661.jpg (https://v5.airtableusercontent.com/v3/u/33/33/1728496800000/v-AGty788wD_pR7-Eo0IhA/dqBe7K2Z-fWJ8IsvKgKXIbYoNBZbdH4a4_npzsMQgdfZT6lRz41wF7oIJKdPZQDPvXJxg6rzhc0hW1OrsUGHIRDb8kGhmcfIy7eI16S-DJKwsORy6M1mbmyZoCs2x2txBy8DGXP9tn2b0ggCdryB0w/GZQRqmXfTt0uzTGNTdMDkeri994rbCxVZ_xTXVoxB2M),Steel,SMYC20LUU,,,https://uk.misumi-ec.com/vona2/detail/221005199661/?CategorySpec=00000424988%3a%3ac%0900000144089%3a%3aa%0900000004087%3a%3amig00000002014122%2cmig00000002014129,Misumi,20210614145743_SMYC20LUU.pdf (https://v5.airtableusercontent.com/v3/u/33/33/1728496800000/ftuUGbkastzKcdiXZV_kDA/fmTM3UvjTx8SBATfGEK_1UUiYQhXl4PSlboxom7VwiTcUYWFzq-qEw6OVKA2ST0j_8chTRokoNvyBK7sz3DppbOxN7-fNcxlsg3TQcv7lQNJLY6SRJS32XuH4d_AzB_U1I4HcUZ7rdliV1VWPxeyJrshJOd0t-z9tcznEIL9MT8/TK0V3pr4DOV0zdClXw8rhr7F3lP_r5-uwHXXshHFvkM),2,DKK115.00,DKK230.00,0
Recoater stepper NEMA 23,Recoater,Standard,Done,Recieved,Good,Torque seem plenty,"NEMA 23 1.26Nm holding torque, 4 lead and 6.25mm shaft",,Steel,23HE22-2804S ,,,https://www.omc-stepperonline.com/nema-23-stepper-motor/e-series-nema-23-stepper-motor-bipolar-1-8deg-4-8-nm-679-87oz-in-6-0a-86x86x80mm-4-wires.html?mfp=71-single-shaft-dual-shaft%5BSingle%20Shaft%5D%2C21-output-shaft-type%5BD-Cut%5D%2C22-shaft-diameter-mm%5B6.35%5D%2C23-shaft-length-mm%5B21%2C24%5D,OMC,23HE22-2804S.pdf (https://v5.airtableusercontent.com/v3/u/33/33/1728496800000/EX3oCRGbBpfdwxnvqjd_Fg/-Lh7_TUDakWTN4NJ7tX4J9aldyI6YXUXcwiNGAmhLbPnr2ryk4rU6DYHkn1ACUhtbv5RzOd_rcDbqumZPW4TPXPxYLVmgONftz0V6oyDK3-H_6ndeRO9HmzkmzMZGWF5J2hak-6Y1sBTFt_KkebC7g/vViIDhnBHdwcL2IxgnU3vm7zkH-QVS7I1xF46JN5mF0),1,DKK89.00,DKK89.00,0
Linear shaft support,Recoater,Standard,Done,Recieved,Good,Stiff and seem adjustable,Supports to hold recoater shafts,110300013940_002.jpg (https://v5.airtableusercontent.com/v3/u/33/33/1728496800000/IS7Iak3n0bwfuQGd5JSMJQ/nWNxsuEDim8PfD1INd22z_SZW3scND23POEkHFEjMfScyHr0jQeA-KaLNQh0TkueTy2rocr1KaxEvWXo5vad5lDPmTTfErK9ZPL_qLRzmp4m1a2Ma91_VgRWPvCaDDOtvPzjNSvZ_DW4SzigjYIeuw/3qr7CbVWQy_Sud3y4W2bQiQ-GGulWclgu9z0xIniM3M),,SHAT2030,,,https://uk.misumi-ec.com/vona2/detail/110300013940/?CategorySpec=00000004063%3a%3amig00000002014723%2cmig00000002014724,Misumi,,4,DKK81.00,DKK324.00,0
Timing pulley Ø6.35 T5,Recoater,Standard,Done,Recieved,Good,"28.65mm pulley diameter.
32g.",Mounted on stepper shaft using set screw(s),,Aluminium,TTPA18T5200-B-P6.35,,,https://uk.misumi-ec.com/vona2/detail/110300406820/?HissuCode=TTPA18T5200-B-P6.35,Misumi,,1,DKK206.50,DKK206.50,0
Timing belt idler Ø8 T5,Recoater,Standard,Done,Recieved,Good,,Idler mounted on shaft,10300411970.jpg (https://v5.airtableusercontent.com/v3/u/33/33/1728496800000/EL7MXaUESCe1lAZtasncew/O3S0OWOCXDHzromI1PCh9cmTkTF-HmoW4hATAl-v1LLzJXI4tTiHh57mfPdq9Ew1CAy_xwnTNpsc1N5FTRWHIMxqAxUPEj9QaqB3Os3i18IxlP_INRwnxYFUn2MEg2hCsWgZ7suprDTyBZcB0Tq5tQ/m7jEf5w9OxcUEElUgMT_DKbhpEj6HL6Y2O0EJlCPc30),Aluminium,AHTFW18-T5200-8 ,,,https://uk.misumi-ec.com/vona2/detail/110300411970/?PNSearch=AHTFW18-T5200-8&HissuCode=AHTFW18-T5200-8,Misumi,,1,DKK315.70,DKK315.70,0
Pivot pin for timing idler,Recoater,Standard,Done,Recieved,Good,,Pin for idler to roll on,,Steel,SCLBR8-43.5,,,https://uk.misumi-ec.com/vona2/detail/110300096110/?PNSearch=SCLBR8-38&HissuCode=SCLBR8-38,Misumi,,1,DKK69.70,DKK69.70,0
Bearing spacer for idler,Recoater,Standard,Done,Recieved,Good,,Space idler to match with pulley,10302644450.jpg (https://v5.airtableusercontent.com/v3/u/33/33/1728496800000/s-TCrcI_hTtEe0OyHKIuRA/P91LqJnUfrYZagbM1EFZO4mmWELb0aQw_I5CCVjmTU8onWnl-PKel38eb1WTWpdYBg8X8DHen2yGzgpjT7RfmvxdnvQ0IkNEQbWrvbP5DDPZJqFcAidx2u6Fv1v2E8NzfeLyXSJujLgHkIeQuO-d2g/CQKltiQPkc6o58nwXidWZ8oOh9gn4tfv4ioifY__Ggg),Steel,CLBUB8-10-12.5,,,https://uk.misumi-ec.com/vona2/detail/110302644450/?HissuCode=CLBUB8-10-[1-50%2f0.1],Misumi,,1,DKK43.90,DKK43.90,0
Timing belt clamp plate,Recoater,Standard,Done,Recieved,Good,,For clamping the T5 belt to the recoater,110300555560_001.jpg (https://v5.airtableusercontent.com/v3/u/33/33/1728496800000/8eLeTUHs4TRqcozMHqKcuQ/J_-gp2fh9zS02oRlxCgN95Mb6pAn9v08MhWmwEu0HP3Q3tvxo8AJ5opKFqcD564x8IbTQdeG0dAtAW-8Kp1rCnatJXsALL2w_0Env8HKLmlROyDQZu4JaLYH0MKOwu7c6BKalDJlsxp3uUmtVohq-A/m1Bp9BksaB037637teKidCxcLX97ZiulG6I49h3_meQ),Aluminium,TBCR-T5200 ,,,https://uk.misumi-ec.com/vona2/detail/110300555560/?HissuCode=TBCR-T5200,Misumi,,2,DKK78.15,DKK156.30,0
T5 timing belt 300 teeth,Recoater,Standard,Done,Recieved,Slight modifications,Too many teeth as planned. Easy to cut to length,Belt for recoater - open ended. 44g/m,,"Steel,Elastomer",TTBO-T5200-300,,,https://uk.misumi-ec.com/vona2/detail/110300414430/?CategorySpec=00000005689%3a%3ab%0900000005696%3a%3ah%0900000005697%3a%3amig00000002009720,Misumi,,1,DKK449.00,DKK449.00,0
Stepper driver,Recoater,Standard,Done,Recieved,Good,,Stepper driver for NEMA 23 up to 3.2A,,,DM332T,,,https://www.omc-stepperonline.com/stepper-motor-driver/digital-stepper-drive-1-0-3-2a-18-30vdc-for-nema-17-23-stepper-motor.html?sort=p.price&order=ASC,OMC,DM332T.pdf (https://v5.airtableusercontent.com/v3/u/33/33/1728496800000/8WpBUJ7uI54UDW4guCR5lQ/XbS5VzBimErs9I5REb0Cf-3WdKQXGVkvJD-Wl0uLgjmIOxDyVMH84syzvOaFYJMoKkyrJ6jUkcjd0PVYFmrJPr5AnRUN9hv4vZ2_tYOjM-6aksIILu7jFXEuYOmW0-qkz2fblEdFfdN6dIBoRTlhag/6Yrl-F1wo2vVVYlLl_HAI0qdyaOWpQQqQflNWFmfLxE),1,DKK96.00,DKK96.00,0
Build cylinder,Build-plate,Custom,Done,Recieved,Good,,"Must be round and very smooth. Careful turning is sufficient in aluminium. OD280, ID252. Ø280, t=15 is enough",,Aluminium,,,,https://www.alumeco.dk/aluminium/profiler/runde-ror/en-aw-6082/280-x-15-mm/p/571/15986,DTU,,1,,DKK0.00,0
Build base,Build-plate,Custom,Done,Recieved,Slight modifications,The hole for thermo couple was below spec and had to be drilled bigger,Smaller than Build cylinder - about 1mm in radius work well. Secure build plate concentric and flat from top. Mount to spindle and linear guide rod. Contain heating elements. Accomodate seal. A few millimeters of the ceramic paper seal seem to work.,,Aluminium,,,,,DTU,,1,,DKK0.00,0
Build Plate,Build-plate,Custom,Done,Recieved,Good,,"Flat, cheap and compatible with powder material",,"Stainless steel,Steel",,,,,DTU,,10,,DKK0.00,0
Motor plate,Build-plate,Custom,Done,Recieved,Good,,"Motor plate to hold 3 non-captive stepper motors, end-stop switches",,Aluminium,,,,,DTU,,1,,DKK0.00,0
Build cylinder clamp ring,Build-plate,Custom,Done,Recieved,Good,,Ring that clamp buildcylinder up to build platform and which locate and hold z-axis motor assembly incl. build base linear stage,,Aluminium,,,,,DTU,,1,,DKK0.00,0
Heating element plate,Build-plate,Custom,Done,Recieved,Good,,,,Aluminium,,,,,DTU,,3,,DKK0.00,0
Thermocouple plate,Build-plate,Custom,Done,Recieved,Slight modifications,Through-hole too small to accommodate reinforced braided cable.,Plate that secure thermocouple in buildbase,,Aluminium,,,,,DTU,,1,,DKK0.00,0
Seal clamp plate,Build-plate,Custom,Done,Recieved,Slight modifications,ID of clamp plate was too small. Filed to enlargen. Check specs.,Ring that clamps down on ceramic seal,,Aluminium,,,,,DTU,,1,,DKK0.00,0
Ceramic build base seal,Build-plate,Custom,Done,Recieved,Good,Excellent. Have been running hundreds of hours without needing to be changed,,,Ceramic paper,,,,,Keith Payne,,1,DKK1000.00,DKK1000.00,0
Motor plate shaft,Build-plate,Standard,Done,Recieved,Slight modifications,Totally within spec. But should have had flats for wrench.,Steel shaft with M10 thread in both ends. Ø20mm,10302634650.jpg (https://v5.airtableusercontent.com/v3/u/33/33/1728496800000/x7Fr_92usF5e0gQsnoyxVQ/dndhr460gDqu3i_p-DvhW7pLUgWVZ-qj73fk1BIUEyQcy5MYDuN1CqiKYyBZmhf-9mYqx-rOHXmNfG6Fe5_gDN0PmKAmNPmRQuLxYs-HsDya7rTl4pgK3GYMw6Z4zdX2JryUpG5eeRkXfDQvIncvYA/ZnJUaScsZUEzxMOtYn1FuboVlc6R3mn4MLgs_e_Gqng),Steel,SFUW20-210-M10-N10,,,https://uk.misumi-ec.com/vona2/detail/110302634470/?PNSearch=SFUW20-275-M10-N10&HissuCode=SFUW20-275-M10-N10&searchFlow=suggest2products&Keyword=SFUW20-275-M10-N10,Misumi,,3,DKK160.00,DKK480.00,0
NEMA 23 Tr11x2 Non-Captive,Build-plate,Standard,Done,Recieved,Good,Have not been proper torque tested as of now,,,,23LS22-2004N-200T,,,https://www.omc-stepperonline.com/linear-stepper-motor/nema-23-non-captive-56mm-stack-2a-lead-2mm007874-length-200mm-23ls22-2004n-200t.html?mfp=178-linear-motor-type%5BNon-Captive%5D%2C184-frame-size-mm%5BNema%2023%20%2857%20x%2057%29%5D%2C181-lead-screw-length-mm%5B200%5D,OMC,23LS22-2004N-300T.pdf (https://v5.airtableusercontent.com/v3/u/33/33/1728496800000/6Vzb5qO-IuSTX3Y-zqgW9A/yhAufcj2nnYEJIf8PvZngDuMMFiprU4Kb-CUDGLfxyqv8elUb7Rpma8pqDGgtvzxIJ6CgWMQXREDA2E44_6wcVL6vQ2lsl4uBBJQgV_LBWOq2c4CA547nExamrf12S5y_E480QJZzi5m3hEsdkOszNGmujEz5qH7zwWXcNh-y08/v2q2BEc6Kj7DFy0NYaKA3HkLLbTW9hd2sKzS5ryxueo),3,DKK300.00,DKK900.00,0
Stepper driver NEMA23,Build-plate,Standard,Done,Recieved,Good,,,,,DM332T,,,https://www.omc-stepperonline.com/digital-stepper-drive-1-0-3-2a-18-30vdc-for-nema-17-23-stepper-motor.html?search=DM332T,OMC,,3,DKK99.42,DKK298.26,0
Heating element,Build-plate,Standard,Done,Recieved,Good,Heats up super fast,Heating element,,,860-6909,860-6909,,dk.rs-online.com/web/p/varmelegemer/8606909,RS components,,3,DKK82.00,DKK246.00,0
Self-centering keyless bushing,Build-plate,Standard,Done,Recieved,Good,,,,Steel,61541100,,,https://www.maedler.de/Article/61541100,maedler,,3,DKK60.00,DKK180.00,0
Spare gas filters Polyether,Gas flow,Consumable,Done,Recieved,Good,,,,Paper,140220P,140220P,,https://www.skv-tec.nl/en/options/side-channel-blowers/filters/spare-filters/paper-spare-filter-for-in-line-filter?number=140220P&c=75,SKV-tec,,1,DKK349.00,DKK349.00,0
Gas flow end duct,Gas flow,Custom,Done,Ordered,Slight modifications,,,,Polymer,,,,,,,2,,DKK0.00,0
Gas flow inlet geometry,Gas flow,Custom,Done,Ordered,Slight modifications,,,,,,,,,,,2,,DKK0.00,0
Gas flow ducting tube,Gas flow,Standard,Done,Recieved,Slight modifications,ID was good. Too thick and heavy. Bending radius too small and tends to want to bend / not remain straight.,Tubing to connect cross flow system,,Polymer,136-9513,136-9513,,https://dk.rs-online.com/web/p/slanger/1369513,RS components,,1,DKK960.00,DKK960.00,0
Gas blower,Gas flow,Standard,Done,Recieved,Good,Changed to a sealed blower. Works great.,Centrifugal blower of ring blowe/side channel blower. Sealed 1.5kW blower,SC531MF.I.pdf (https://v5.airtableusercontent.com/v3/u/33/33/1728496800000/OPB2Ko-2BY8ex3Gf4ejF5Q/SNFSU6C_60O-DzlFGc2ifP5bD5nxB5eJ2kdv3REnIOxONQ0KsbOkk44EWha32J-FZ9tBV7mS_6Fip_XNbWSupAN89hsfjQMjnhmAaKWeUSBKWTQnwXya58eZIWuInzjBBPIMKT-iBR4vqojmBwed8g/kzCfD_ZpcknwZ4IdB5JWI8Ccp3UxW2R8V-d7AaLPOds),"Polymer,Steel,Aluminium",Single stage side channel blower fitted with 1.5kw 3Ph 400V motor.  Sealed construction,SC401MF1.3T,,https://eurovacuumproducts.com/,EuroVacuumProducts.com,,1,DKK4300.00,DKK4300.00,0
Gas bottle input,Gas flow,Standard,In progress,Recieved,Slight modifications,Compressed air regulator. Seems to work,,,,AR20-F02G-B, 890-3156,,https://dk.rs-online.com/web/p/trykluftregulatorer/8903156,RS components,0900766b81431873.pdf (https://v5.airtableusercontent.com/v3/u/33/33/1728496800000/BDNxLfxNSGa7zL77kDKDWw/oV_03HtWBB7Uf4rNKLLo3Ww9yi8ARLBwK_F7C3NcTBnXpmCDYRcjdQnKojB0oIQqNg_l74B8Vdu1pHfRQwPft2fJNXQQn1yflxHZvaARQcnio8R7yjwMBLSO-BRejcoFjAMggeJMkoluSjsSWwRiQg/1C_dhpH00K1GCa9U5DpCFd7HGmna24nhGm4Q5gzeM_o),1,DKK201.00,DKK201.00,0
Main solenoid valve,Gas flow,Standard,Done,Recieved,Good,As intended,"Main solenoid valve for input and output. 24VDC control, Ø6 tube, max 6bar pressure diff. SMC. DIN rail mount. DIN plug",,,VQ21A1-5YO-C6-Q,840-6740,,https://dk.rs-online.com/web/p/pneumatik-magnetventiler-pilotstyret/8406740,RS components,A700000006735986.pdf (https://v5.airtableusercontent.com/v3/u/33/33/1728496800000/H_2nNjQ2fatT2RR20U9NlA/R4IYZcyQLO3wk3J2znhRGGKwGdmY2HvNUxsbLpMo09bKE1LV-Ie-EjGIclMzNHf0wajnqWi9mADv6nDn9pGdLx_AkT3LHSG-gIEYb1lLZc2A7akywbhePnGV47OnSToupDWzywiLItuc_LJumRddxg/wMrzoytHqmaR2yfwgyCyL6jwqD4OM4UuVO823u3aVag),2,DKK300.00,DKK600.00,0
Ø8 Gas tubing,Gas flow,Standard,Done,Recieved,Slight modifications,Very stiff and ID seem a bit tight. Maybe should consider going to 8mm or 10mm,Tubing to connect gas supply. Ø6. 30m.,,,483-4970,483-4970,,https://dk.rs-online.com/web/p/luftslange/4834970,RS components,,1,DKK155.00,DKK155.00,0
Ø6 quick connect bulkhead,Gas flow,Standard,Done,Recieved,Slight modifications,"The main bottle input should probably be larger, perhaps 10mm",Quick connect for Ø6 ,,,187-8771,187-8771,,https://dk.rs-online.com/web/p/trykluft-lynkoblinger/1878771,RS components,0900766b816fdf3d.pdf (https://v5.airtableusercontent.com/v3/u/33/33/1728496800000/W5vF1eAl0ujlm9WuriPxsg/lIvdJCo67-uErq-YwWawpz5CBj-bfg4VUVQ2WpCn7Vj6iekFw3KM9Hs_HJhZPR_opQ6PifDTOp19iPmRh_iTLzeWHOISM6IxAALZQRBkUhP0aF8JEgZjo48YJxeEILqZZgxV1fFPTbsm1G9O44RZcA/k3XgDlcLqSzk9da-6Ov729QGUU7ts8VV7N7bdvsxZ74),1,DKK150.00,DKK150.00,0
Ø8 quick connect tube barb,Gas flow,Standard,In progress,,Good,,Connect Ø8 tubing for quick connect,,,,,,,RS components,,1,,DKK0.00,0
Ø8 process chamber inlet,Gas flow,Standard,Done,Recieved,Good,,90deg Ø8 tubing bend with M16 thread and oring. To screw into the build platform or through the side with a nut. 5pcs,,,KQ2LE08-00A,771-5532,,https://dk.rs-online.com/web/p/pneumatik-fittings/7715532,RS components,,1,DKK90.00,DKK90.00,0
Ø6 Panel mount manual flow reg.,Gas flow,Standard,Done,Recieved,Not in use,,Panel mounted manual flow regulator,,,GR-QS-6,136-6655,,https://dk.rs-online.com/web/p/pneumatik-funktionsfittings/1366655/,RS components,,2,DKK145.00,DKK290.00,0
DIN plug Solenoid,Gas flow,Standard,Done,Recieved,Good,,,,,811-8213,811-8213,,https://dk.rs-online.com/web/p/din-43650-ventilstik/8118213/,RS components,,1,DKK51.00,DKK51.00,0
Blower vibration rubber mount,Gas flow,Standard,Done,Todo,Slight modifications,Should maybe be the bigger size,,,,196-1348,196-1348,,https://dk.rs-online.com/web/p/vibrationsdaempere-fodder-fast-hojde/1961348,RS components,,,,DKK0.00,0
Oxygen sensor,Gas flow,Standard,Done,Recieved,Good,,0-5% sensor,,,FCX-TR0005,FCX-TR0005,,https://sensorsandpower.angst-pfister.com/de/produkte/gas/produkt/fcx-tr0025-amperometric-oxygen-o2-gas-transmitter/,Angst+Pfister,"FCX-APP2_1620-12925-0021-E-0917.pdf (https://v5.airtableusercontent.com/v3/u/33/33/1728496800000/2kkILwzUIZQrtwkcd_lXrw/gtHLk2OQYS450AztOwOWe746dD-94_p81AyEeFlvS9TXT2Wnm0VlarF4N_cmLfZZ1f7_ZLIkwOdQFZveZqawmw1a6siRNxppe660ZD8ZGwMf_eh8dmpaXiUqjuOG_H3tyJ_kB91mVKqFTGFYH40nxkXAsTnDyi6UrWsvZTBIPXI/IXNh3woIrE-7iLuh58bMylhCkW6lMxAkVKw1lOe66UM),FCX-TR_1620-21914-0006-D-0819.pdf (https://v5.airtableusercontent.com/v3/u/33/33/1728496800000/SIB338D3qwjJxcCmsYi_Dg/vk2nLmjQhNrMDT7_wIlKKxatBekCwB-Ug4nS_Y_RtW1fjdMO2XtcNLU_SiuzVTzaotjl2ikVjC_hiX2I2HlIkzxYvwGFslkN8Otzax0KOZadCRK5qrYrPTeMOT_FXkyAXGjEYscv4UP3PfEjucjWvrZKpPDwGcm2skXK1x1u-2k/p6yFsq_y1U4RxhKomqOclgALsvUoIoYeBiFLhanVvd0),FCX-TR_1620-21914-0029-E-0821.pdf (https://v5.airtableusercontent.com/v3/u/33/33/1728496800000/2odwHPUWRq_vloFIv43H7Q/pzlpN2-oBAKp2IykVVcWkMU1SFLvppALPFcPhyXqxGR-gw5n0aL_qPlskgXdl-0orAUca_al5I7145-ZVKnBjImwkOqnnbqgLYCa62iHfYdZP-JEa8SB50zSWicaLHMKDE2Q6rYDccizin2ryB8Wllht6fNLOqUWvdO3SKduQVY/AVnDiz7L1kwTdcB0sF06Ad-pI-6zOGHqQrSPMjBJauo)",1,DKK5500.00,DKK5500.00,0
"Filter housing 2"" (with one filter)",Gas flow,Standard,Done,Recieved,Good,,"Housing for filter and fits 2"" hoses. Works great",,Steel,"Inline filter G 2""",140220-2,,https://www.skv-tec.nl/en/options/side-channel-blowers/filters/in-line-filters/inline-filter-g-2?number=140220-2&c=73,SKV-tec,,2,DKK1200.00,DKK2400.00,0
G1/2 locking nut for oxygen sensor,Gas flow,Standard,Done,Recieved,,,G1/2 nut for securing the oxygen sensor,,,762-1193,762-1193,,https://dk.rs-online.com/web/p/sensor-og-folertilbehor/7621193,,,,,DKK0.00,0
Cyklone,Gas flow,Standard,In progress,Todo,,,,,,Filter combination M-32M,Filter combination M-32M,,https://cycloonfilters.nl/product/filter-combination-m-32m/?lang=en,,,,,DKK0.00,0
Tangential blower,Gas flow,Standard,Done,Recieved,,,,,,QG030-303/14,175-7072,,https://dk.rs-online.com/web/p/blaesere/1757072,RS components,"A700000007065411.pdf (https://v5.airtableusercontent.com/v3/u/33/33/1728496800000/fmS0LOymxGfBVzF75FUSDA/ioq0zMfogWVMiOY8e2JbGp7KyzStFn07SmUHY2UDrxT8TNWZSoGByXNKr6yH-_vh6nbncWtco8428_2F73PEUv7m4TzLOEwvAxFA9Ubzo6yCwsF9Ph5x6UF13KNBRjb679Z1omDzHSeyOLtwH9Zl1A/yvseKqvvRJyGUAu0SGVr4MIKpQc9STaHoSEbOpUwa4M),0900766b81369bea.pdf (https://v5.airtableusercontent.com/v3/u/33/33/1728496800000/7aGrdI_Y5FscrrQzPs6Tog/0Ohqk-hIqvF7OKi5UMAK8wLLWVE26QXFLeQTOBZA6fbFGx3ajuRmDUPNfMrZDqTz7jtQYRCvu5CDrHEfywtePJXlNg7MVLD_cqmtUY_786QPeeHLB3C8VimBBLd9OsXCBHO81lPDsH8G066LTEa8wA/DCLQySF2kpZaADYRFmeZJv27DOHPO1EZx0JDpVAriaw)",1,DKK900.00,DKK900.00,0
Sunny Galvo Adapter Plate,Optics,Custom,Done,Recieved,Slight modifications,,Plate where galvo and collimator mount together,,Aluminium,,,,,DTU,,1,,DKK0.00,0
F-theta seal ring,Optics,Custom,Done,Recieved,Slight modifications,Oring fit is a bit too tight due to small bump prior to intended mating surface,F-theta seal ring with oring around f-theta,,Aluminium,,,,,DTU,,1,,DKK0.00,0
Galvo box bracket,Optics,Custom,Done,Recieved,Slight modifications,"Changed galvo mount completely to allow for adjustments. Tolerences are slightly too tight and it bind a bit if left assembled for a while

Before: Galvo too far down. f-theta does not screw in enough so it sticks down",Plate that attach galvo/collimator to top box plate,,Aluminium,,,,,DTU,,1,,DKK0.00,0
Galve support bracket,Optics,Custom,Done,Recieved,Good,,Sheet metal bracket that support galvo subsystem,,"Stainless steel,Steel",,,,,DTU,,2,,DKK0.00,0
Silicone gasket f-theta ring,Optics,Custom,Done,Recieved,Good,,,,Silicone,,,,,DTU,,1,,DKK0.00,0
Laser source,Optics,Standard,Done,Recieved,Good,Works great as intended,,Max300W.PNG (https://v5.airtableusercontent.com/v3/u/33/33/1728496800000/3r-zYwCsDle-9VKFk4LJJg/BWnG7o1B2Hj0JNYSpA8K4bMqJdLxq4pGAreia6e-HQek7ygH8WF2Gmd4vyLCqiFvdnK7woi44Bu8KwqakKCwSJVjgl54H4zFsVBHSIssy482NWOwLTrZSYkXXZYUhcv8OJ7gGJcMvekF-XejR8sLrQ/nTE-LJyeXi_DuHZdAIZKziUL46gt5Xc0LbvC89-EOMk),,MFSC-300W,,GLAMS,http://en.maxphotonics.com/product/18.html,Max Photonics,300W SINGLE MODULE CW FIBER LASER(3D PRINTING)-Leaflet.pdf (https://v5.airtableusercontent.com/v3/u/33/33/1728496800000/VEkdp7N0TPxOi0Im6t1YNA/DknHIJZ7gkzBiJRep30maguvYaPicZRF0UxShjxAQIj2gjdFYlRWNPnrY9W8eZjrjXJ1G3-CWU-OjSY2chv3Ew9OiSy2NGBIIeG_Hfxf-rD2ssWR0h1tpaHWPEuw_ub3BmrfpDN9l45Tf6C_s5bf-IPRb3W2KUmSNbrNMChLbeREaSWl7hmcW_BeAkJ5wkXT/REx0m-Ztoe1GyTeROCQM5eSwSyw-jQ6_UJW54v1ggU4),1,DKK45000.00,DKK45000.00,1
Collimator,Optics,Standard,Done,Recieved,Good,,,,,,,,,EN Laser,COL-1070-D38-F120外形尺寸图.pdf (https://v5.airtableusercontent.com/v3/u/33/33/1728496800000/O-gUMv0fEbIsRaeA7P0nbQ/fgWLAOYSbDiAfnduXnxXe28_aJBbOEm7gxbGPUa3ihkZLfvPnfFA-MkUNBcaE2qt39Um_BHvb4HgbRDB0QNaq11DdqCXxdXTPUZ_1rTHJIaTD7lZqAdhMZfJbgxlNfHSVH35PW1GP83KjdQGBvUUo6b3oO-UJAr2Yx1sQWJIIww/fuUE3OKtIe7vRbGjoABq_bdMcouXHj_8O0nKpVxPitQ),1,DKK11750.00,DKK11750.00,0
Sunny Galvo,Optics,Standard,Done,Recieved,Good,,,,,,,,http://www.sunny-technology.com/pro_con.aspx?type=143&id=850,Sunny Technology,"Specification of scan head（S-9320).pdf (https://v5.airtableusercontent.com/v3/u/33/33/1728496800000/4nLZgCFul0IlDGPMbVzEmA/q-s7nHIPnbKQMcic6IcQTNdR-vpIP9WQxIC0qwVkFk9usRdaM1TQT64xlcQQrnCRUPAOWWC2pBdp3BwQREtrWOIlkkEUTxDQch6ModV6GAKyVR9xazasPMdu-1HCl7feQGWRHrhJGINBFYr1MPdeC_KCsaZZ6y2bA7WGAOLc1_A/-2OGDYVR7pkM_shFsNc8celMGbDT8G8MjHuq_zACOvk),20180103 Catalogue  EN.pdf (https://v5.airtableusercontent.com/v3/u/33/33/1728496800000/gDYCjTgUzgIUazq2Wig6UQ/pl42_xrtTH0rudZYrJZPjXsMesasJF7uZ_qExv9gBC8B43nuhERz4gsSJ_BNC8MwM-pxDsoq79FpB9l_yP2aWIpK9lwcRilk_V49u3Co8HhY6DtyDG7bKdVXgZFQLE0k4D_1AR3rxXr5x6I5WCT-yy-Iteskb4oNMlKM4Gt64eE/Njnwx1jCWL5NpPNPLKDdWIPhADyJety7o8-Du9UoYHg)",1,DKK9776.00,DKK9776.00,0
F-Theta,Optics,Standard,Done,Recieved,Good,,,,,4401-508-000-26,,,https://www.digikey.dk/product-detail/da/4401-508-000-26/1601-4401-508-000-26-ND/11698211?utm_medium=email&utm_source=oce&utm_campaign=3309_OCE21RT&utm_content=productdetail_DK&utm_cid=1959404&so=71081600&mkt_tok=MDI4LVNYSy01MDcAAAF-tKwAJu23wA7EMGcGE9E85mQzt3nm7cxZgZwiMBxdyCga84JSMgc3ERNhdmtx8QnKbnlYsbjqmDIbnyKrFp4KzD3G0fJHrpor6LH7NP8G,Digikey,4401-508-000-26_2020.06-V2.pdf (https://v5.airtableusercontent.com/v3/u/33/33/1728496800000/6n4Ukovp8aumsEXleDhkPw/bTuDEeVNupAtAp1UUZNA-DmJJ8vwlod2LuNpnqUBZIr1v9JlRGCH06e24iDWrvaDCz5s21_mQF1lssqycHczbhpkH_Ok6PW6EBw7hmuqEsZSjoJNBOBiQN5Ru72-fkAYBy_AlJDF6n_CRvuodrJD3dgcHJSt9uQX3jBo7Jq07oY/dCz7S6GLKZMfQ4ss5VoWKzluYiInqeKWk95KBsModJU),1,DKK31000.00,DKK31000.00,0
Water chiller for collimator,Optics,Standard,In progress,Recieved,Good,,,,,,,,,,,1,DKK8000.00,DKK8000.00,0
Powder hopper,Powder,Custom,Done,Ordered,Major modifications,A few welds had to be filed down,,,Stainless steel,,,,,DTU,,2,,DKK0.00,0
Powder roller,Powder,Custom,In progress,Todo,Slight modifications,"Now all slots have same size and rounded by worker.

Before: The slots were too sharp, had to be filed down. Next version should include fillets or chamfers",,,Aluminium,,,,,DTU,,2,,DKK0.00,0
Powder handling mount bracket,Powder,Custom,Done,Recieved,Good,,,,Stainless steel,,,,,DTU,,2,,DKK0.00,0
Powder roller housing,Powder,Custom,Done,Recieved,Good,,,,Aluminium,,,,,DTU,,1,,DKK0.00,0
Powder stepper bracket,Powder,Custom,Done,Recieved,Good,,,,Stainless steel,,,,,DTU,,1,,DKK0.00,0
Powder roller ceramic gasket,Powder,Custom,Done,Recieved,Good,Nice fit,,,,,,,,Keith Payne,,1,,DKK0.00,0
Powder Valve Fitting,Powder,Custom,Done,Ordered,Good,,,,Aluminium,,,,,DTU,,2,,DKK0.00,0
Powder Inlet,Powder,Custom,Done,Recieved,Good,,,,,,,,,DTU,,2,,DKK0.00,0
Powder dispense stepper,Powder,Standard,Done,Recieved,Good,Seem good enough. Backlash could be a problem,Small motor for turning the dispenser drums,nema-11-stepper-motor-bipolar-l51mm-w-gear-ratio-51-planetary-gearbox-164-1000x1000.jpg (https://v5.airtableusercontent.com/v3/u/33/33/1728496800000/Vlb2AYjG5n0WB0b8UhUcgw/TLUCrssge8-FZ8IayY9XPZMId65BYt_6HTPKFdvTBfQMCLr88bCKml7Hn-a1ve4QliNShDrAZ3w-xSAnpUKUrYkPrg_YTBT8TiFQBiBU57QlXHaCMKi1H7d1pVM9ZOkYZU0SAMSalGdHXVg0jTEHXZFGF5LnDiGRz9hxMmrjU1c5-OKHN92HHrwY0e1Ja52I6HLbhtKeLxWAiaJAy7v3UYOBO2ywm37iX5mcvP3dAHcksGioA0g_RyQNDM7dtkF4/DWHuyzO0IpM0ok79FtcLmY0T7BNZkcCXYTkPKHkZl6I),Steel,11HS20-0674S-PG5,,,https://www.omc-stepperonline.com/economy-planetary-gearbox/nema-11-stepper-motor-bipolar-l51mm-w-gear-raio-51-planetary-gearbox-11hs20-0674s-pg5.html?mfp=184-frame-size-mm%5BNema%2011%20%2828%20x%2028%29%5D%2C286-holding-torque-w-o-gearbox-n-m%5B0.14%2C0.22%2C0.25%2C0.32%2C0.36%2C0.4%2C0.52%2C0.65%2C1.25%2C1.89%2C26.85%5D,OMC,11HS20-0674S-PG5.pdf (https://v5.airtableusercontent.com/v3/u/33/33/1728496800000/awnxd8dtdHxdzxUny_DVdg/RfAIVLIt28kRqzIcyunkbECT4zlkSYGZ_ojYHAzMuzu_kDca8GL7hNDQgrVYQP1u-Cl0Nu5__xoFuSDgHQzR-JYxDaLlC97t7R2DhrO-QbZkOt_1bSE54zCeaXoQiDb4cEZMaq-xwo06ih3zT03JHg/fn4BTSt1M5JL4yKw7tAuXkEMCbk0ckojyAILM_WNP9U),2,DKK211.00,DKK422.00,0
Ball bearing dispenser,Powder,Standard,Done,Recieved,Good,,"Ball bearing for dispenser ID5, OD14, t5",,Steel,C-BGCAB608ZZ,,,https://uk.misumi-ec.com/vona2/detail/110302714360/?HissuCode=C-BGCAB608ZZ&PNSearch=C-BGCAB608ZZ&KWSearch=C-BGCAB608ZZ&searchFlow=results2type,Misumi,,4,DKK58.15,DKK232.60,0
Digital stepper driver,Powder,Standard,Done,Recieved,Good,,Stepper driver for NEMA 11 motors,DM320T 1-1000x1000.jpg (https://v5.airtableusercontent.com/v3/u/33/33/1728496800000/LLCZ_mj25qDIuztUR5MJYA/MVhiuVoazxPRlLiLubTHZdg5Rbw02mk1sncjFVGxBr_a42z5ScfAtQuIhTzXI_l34Fu3B-YglF2aXgMaJgkP_ua_vJHfjD6d--_Ri6vN0Yg6DrDoDc0p8jQhc_ZoiYYrVgpI2LvcW3KJf5kLGvnx0sKJXItTpBp3UBmR_u9pRFA/uF1TlBz7R-WxAsPrp7xx8ZP1n78AFBpkXWZZxLbhLIU),,DM320T,,,https://www.omc-stepperonline.com/digital-stepper-driver-03-22a-18-30vdc-for-nema-8-11-14-16-17-stepper-motor-dm320t.html?search=DM320T,OMC,,1,DKK300.00,DKK300.00,0
Dispenser drum coupling,Powder,Standard,Done,Recieved,Good,,6mm to 8mm coupling between stepper motor and dispenser drum,110300125850_001.jpg (https://v5.airtableusercontent.com/v3/u/33/33/1728496800000/PljX9o9ej9v_VbK6HFd_yg/yHh_8dShFlE2jfw08jENekWj3JoMdDkfj1MdR9ULZ-G96JLkZ0h7Jer9MEREvemRNwtWKxaR4JrAEwlRz_u7rSh2lKGeBKLvInj5gtX2hSXmvyTtf0DxYAHtQw_JrkKkeYgo6RsTRX-_XVtWzfLjIQ/DgZfU14BU23MuwxemXF-a5sfAHwEJ3j4d2AhWUW-O9k),Aluminium,SCOC20-6-8,,,https://uk.misumi-ec.com/vona2/detail/110300125850/?PNSearch=SCOC20-6-8&HissuCode=SCOC20-6-8&searchFlow=suggest2products&Keyword=SCOC20-6-8&isReSearch=1,Misumi,,2,DKK154.18,DKK308.36,0
"1"" Butterfly valve for filling",Powder,Standard,Done,Recieved,Good,,,,,"1"" Sanitary Butterfly Valve Clamp OD 50.5MM",,,https://www.ebay.com/itm/232303793716,ebay,,4,DKK230.00,DKK920.00,0
"1"" Ferrule Tri-Clamp",Powder,Standard,Done,Recieved,Good,,,,,"3/4""~1-1/2"" Tri Clamp Sanitary Stainless Steel 304 Fits 50.5MM",,,https://www.ebay.com/itm/232316520630,ebay,,8,DKK75.00,DKK600.00,0
Tri-Clamp silicone gasket (5pcs),Powder,Standard,Done,Recieved,Good,,,,,"1"" Sanitary Tri Clamp OD 50.5mm Silicone Sealing Gasket",,,https://www.ebay.com/itm/233707813757,ebay,,2,DKK30.00,DKK60.00,0
Valve weld adapter,Powder,Standard,Done,Recieved,,,To be welded to the overflow thus enabling closing off the overflow while printing,,,"Clamp kr sf k=50,5 25,0x1,2 316l ds/sms",,,,SparVVS,,2,DKK55.00,DKK110.00,0
Capacitive sensor for powder level,Powder,Standard,Done,Recieved,,,,,,184-5584,184-5584,,,RS components,,1,DKK500.00,DKK500.00,0
GLAMS,Electric,Custom,In progress,,Slight modifications,,,,,,,,,,,,,DKK0.00,0
Electrical cabinet,Electric,Standard,Done,Recieved,Good,Nice cabinet. Could be bigger. Next time to not cut and drill all holes manually / using hand tools,800x600x250 Schneider cabinet,,Steel,NSYS3D8625P,701-8449,,https://dk.rs-online.com/web/p/vaegbokse/7018449,RS components,0900766b815b03fe.pdf (https://v5.airtableusercontent.com/v3/u/33/33/1728496800000/6qBm3HOpQlXZkr5hBE6-7w/5yTnoYqOqa9XyNwAS83q7wIRSYW5yzr4jlChCCd8nVku1Qqw8TlbG_HQY6z0WDuLptK2pG8NJf6BPdwhOFRqVgDdH1VUuIuDmOWeRCXoWGSSziBZ4ZVv89tyrXfNu6Ec-weNMkDuC3khCrjrNz2Prw/oF5dXm3g05egGECbty8Z_rdFLrDq_shG7Fp-tehpu-0),1,DKK850.00,DKK850.00,0
24VDC PSU 20A,Electric,Standard,Done,Recieved,Good,,Main 24V power Supply,,,S8VK-C48024,786-6462,,https://dk.rs-online.com/web/p/din-skinnemonterbare-stromforsyninger/7866462,RS components,0900766b814297e1.pdf (https://v5.airtableusercontent.com/v3/u/33/33/1728496800000/h7Ah16RPQuWdcHvrRcTGOg/k0S2MbMrs6vK72kXSnw7moOSrEhTUdybyR9zM39YUoYoT5-vDo5lOPpbBYex2dxR1i0IGhu4e0R2pUa_yW8vvRBr9rVTN-xzaGvY8Wep_6MkHpqNTYa4-CUEtjzlWP-qtiMPeogsrMu_JoUR9At0EA/ZyYYo-46tHHBAOqIM2wIyvuJ_QR9M17JnFnJODnHniM),1,DKK1000.00,DKK1000.00,0
Electric cabinet fan,Electric,Standard,Done,Recieved,Good,Nice and silent,For top mount to blow out hot air. 80mm,,,787-4016,787-4016,,https://dk.rs-online.com/web/p/aksiale-blaesere/7874016,RS components,0900766b81587ae4.pdf (https://v5.airtableusercontent.com/v3/u/33/33/1728496800000/Wn3UoQEBndP-xkYRYr7fCQ/32TUd_mk91V4GRfGvNzmrjs6BLockqIgHrdN1Z-LXcH0tJQ_bipvqVkz8zJxaT8vR7dBA4E77rBtBP_qM83TkFg3cGVbU2NpiXvJEmj7cTbZepcmFze_EMMznfWm0WFd6sBkZBTmEX3RqzOn2id44w/tQdVoqNum0WXO7vM6ig7ZrUhO5bZm8Dis1vcZeXRu08),1,DKK65.00,DKK65.00,0
35mm DIN rail,Electric,Standard,Done,,Good,,0.5m,,Steel,467-406,467-406,,https://dk.rs-online.com/web/p/din-skinner/0467406,RS components,,4,DKK30.00,DKK120.00,0
Kabelforskruning,Electric,Standard,Done,Recieved,Slight modifications,Seems like a good size for covering many cable types. Should use metric thread,Kabelforskruning for sending cables into control cabinet and machine,,,53015210+53019210,206-6096,,https://dk.rs-online.com/web/p/kabelforskruninger/2066096,RS components,,20,DKK6.50,DKK130.00,0
DIN Relay,Electric,Standard,In progress,Recieved,Good,Fine. Should maybe be solidstate,Relay for switching e.g. solenoid valve,,,1SNA645034R2300 RB121P-5VDC,669-9974,,https://dk.rs-online.com/web/p/interfacerelae-moduler/6699974/,RS components,0900766b80d89334.pdf (https://v5.airtableusercontent.com/v3/u/33/33/1728496800000/-GWytKnrI1Sf6rE20bNXMg/1hFYuOZPwqxkGlEdjMLrZf3qVUcKa1X0AdS_eFff22EMJxZ4Lr8OO2uv_VNjcGTqNX9mK2_GLwB80ZImofJxt47QrWJAmwv0s2lxnH5SHo5PUGs1cF7VC6IM8SicI6fgEd6y2MrT4FGDdQsvvPjqPg/MwUwiD74d5Anm8Y4CdfTWm5E0lDyWaYEHRrZKmhAF5E),1,DKK215.00,DKK215.00,0
40x40 Cable Duct,Electric,Standard,Done,,Good,,40x40mm Cable duct for cabinet,,Polymer,879-3725,879-3725,,https://dk.rs-online.com/web/p/kabelkanaler/8793725,RS components,,1,DKK42.00,DKK42.00,0
Endestops Mech Plunger,Electric,Standard,Done,Recieved,Good,,,,,902-6900,902-6900,,https://dk.rs-online.com/web/p/endestopkontakter/2305086,RS components,A700000008213435.pdf (https://v5.airtableusercontent.com/v3/u/33/33/1728496800000/HxyY0BKNJFIVPwaHshUANw/fmPc_m3wqyVU9kgqa_Hg3P_85vmU-5dIkXNM28PbXHI9xb4OgHcpkGhw9XU_8svBu7ksJj6Shsxd6wLEOOW47vPVkBwZZVobB77WzpoOLTXyBW6II5mi-KUgttqwJpjS2eeZr9RyxrmVTQ5Z_O_G6Q/iFpRUOHZlxVv110LEnCx0UzZweuSmBxcJ09yuaX61ak),1,DKK119.00,DKK119.00,0
5V PSU,Electric,Standard,Done,Recieved,Good,,15W 5V supply for optocoupler supply etc,,,HDR-30-5,145-7864,,https://dk.rs-online.com/web/p/din-skinnemonterbare-stromforsyninger/1457864/,RS components,,1,DKK105.00,DKK105.00,0
12V PSU,Electric,Standard,Done,,Good,,12VDC PSU for powering e.g. Arduino etc,,,,,,https://dk.rs-online.com/web/p/din-skinnemonterbare-stromforsyninger/1457860,RS components,,,,DKK0.00,0
Heater PID,Electric,Standard,In progress,Recieved,Slight modifications,Does not have a SSR output. Next version should have. Now require a 5V line into the relay output,Single output PID relay,,,PXU10020,905-5725,,dk.rs-online.com/web/p/temperaturregulatorer/9055725,RS components,,1,DKK800.00,DKK800.00,0
DIN solidstate relay,Electric,Standard,Done,Recieved,Good,,Heating element relay,,,121-3888,121-3888,,https://dk.rs-online.com/web/p/solid-state-relaeer/1213888,RS components,,3,DKK281.00,DKK843.00,0
Termoelement type K,Electric,Standard,Done,Recieved,Good,,Type K heating element,,,334-2622,334-2622,,dk.rs-online.com/web/p/termoelementer/3342622/,RS components,,1,DKK159.00,DKK159.00,0
Klemrækker Grå,Electric,Standard,Done,Recieved,Good,,,,,870-901,388-7434,,https://dk.rs-online.com/web/p/din-skinneklemmeraekker/3887434,RS components,,4,DKK38.80,DKK155.20,0
Klemrækker Blå,Electric,Standard,Done,Recieved,Good,,,,,870-904,388-7440,,https://dk.rs-online.com/web/p/din-skinneklemmeraekker/3887440,RS components,,4,DKK40.00,DKK160.00,0
Klemrækker Gul/Grøn,Electric,Standard,Done,Recieved,Good,,,,,870-907,388-7462,,https://dk.rs-online.com/web/p/din-skinneklemmeraekker/3887462,RS components,,2,DKK107.00,DKK214.00,0
Laske 3-polet,Electric,Standard,Done,Recieved,Good,More poles would be handy,,,,870-403,388-7507,,https://dk.rs-online.com/web/p/din-skinne-klemmer-tilbehor/3887507,RS components,,2,DKK23.60,DKK47.20,0
Laske 2-polet,Electric,Standard,Done,Recieved,Good,More poles would be handy,,,,870-402,388-7490,,https://dk.rs-online.com/web/p/din-skinne-klemmer-tilbehor/3887490,RS components,,2,DKK17.40,DKK34.80,0
Klemrækker endestop,Electric,Standard,Done,Recieved,Good,,,,,878-7556,878-7556,,https://dk.rs-online.com/web/p/din-skinne-klemmer-tilbehor/8787556,RS components,,2,DKK19.90,DKK39.80,0
Klemrækker markeringer,Electric,Standard,Done,Recieved,,,,,,878-7590,878-7590,,https://dk.rs-online.com/web/p/klemraekker-tilbehor/8787590,RS components,,2,DKK13.60,DKK27.20,0
400V power cable,Electric,Standard,Done,Recieved,Good,,10m CEE 400V power cable,3696_568204.jpg (https://v5.airtableusercontent.com/v3/u/33/33/1728496800000/-BURHG8bpTAcj3fMTcUOWw/arT2rJLrVcvZYdZh8_yM4QmM1cJD1qYXUn1R6m11g5ppzUDDNYVMXyg47KWDsUvmexcQq3WXJzmWRlgoYP8kGNUzV2Da5fAv8gpCXlVop6HP_xY1tsLeS63nGG8QrW6qnIsT9eC1HF0Ip0CdUvcUIA/4B8nAmmWwwM3Y4U48hE4yYJNJlXD6ILP5tYJSWq9oIc),,,3696 ,,https://www.harald-nyborg.dk/produkt/cee-forlaengerkabel-5x1-5-10m,Harald Nyborg,,1,DKK208.50,DKK208.50,0
230V power plug,Electric,Standard,Done,Recieved,Good,,230VAC power plug ,4428_433323.jpg (https://v5.airtableusercontent.com/v3/u/33/33/1728496800000/oVfmrM-Ixvv31H4wnjtX4Q/GiJl16eRqC5gEOCVXF7fDKcDp0PZ_WVB2bWUIccFJbUQK2I3-pqOCkgdOxQjv99bX32IZ519FAybwKI-_agiEwSd5ItIvJb-8c-cFK_42jCSydnStujHyam48xLz8Zey1runJMTJbKJSU4ZvOwymcw/6apMUOh_gwssHeowKiM_SAUPT4llNRwEFbvmFjn7gN0),,,4428,,https://www.harald-nyborg.dk/produkt/stikprop-rund-med-jord-graa,Harald Nyborg,,4,DKK12.75,DKK51.00,0
Self-cutting panel screw,Electric,Standard,Done,Recieved,Good,,Box of self-cutting screws for screwing in DIN-rais etc.,,,546-5806,546-5806,,https://dk.rs-online.com/web/p/selvborende-skruer/54658,RS components,,1,DKK42.00,DKK42.00,0
15mm DIN rail,Electric,Standard,Done,,Good,,15mm compact DIN rail for bottom of cabinet etc.,,,1401682 ,803-9615,,https://dk.rs-online.com/web/p/din-skinner/8039615,RS components,,1,DKK47.00,DKK47.00,0
Compact Screw Terminal,Electric,Standard,Done,Recieved,Good,,Screw terminal for 15mm DIN rail,,,,815-8839,,https://dk.rs-online.com/web/p/din-skinneklemmeraekker/8158839,RS components,,50,DKK1.10,DKK55.00,0
5-pin Connector Male,Electric,Standard,Done,Recieved,Good,,Cable mounted male connector for stepper motor,,,144-4189,144-4189,,https://dk.rs-online.com/web/p/industrielle-cirkulaere-stik/1444189,RS components,,6,DKK84.00,DKK504.00,0
VFD,Electric,Standard,Done,Recieved,Slight modifications,Shitty menu system. Maybe go for nicer brand,,,,Mitsubishi XYZ,,,,RS components,,1,DKK1400.00,DKK1400.00,0
Kabelforskruning Oring,Electric,Standard,Done,Recieved,Good,,Oring to seals kabelforskruning,,,53102011 ,664-4603,,https://dk.rs-online.com/web/p/kabelforskrunings-o-ringe/6644603,RS components,,20,DKK0.50,DKK10.00,0
5-pin Connector Female,Electric,Standard,Done,Recieved,Good,,Chasses mounted female 5-pin connector for stepper motor,,,144-4168,144-4168,,https://dk.rs-online.com/web/p/industrielle-cirkulaere-stik/1444168,RS components,,6,DKK90.00,DKK540.00,0
Pluto D20 Safety PLC,Electric,Standard,,Basket,Good,,,,,,2TLA020070R6400,,,RS components,,1,DKK9000.00,DKK9000.00,0
Inca 1 Tina Estop,Electric,Standard,,Basket,Good,,,,,,2TLA030054R0100 INCA 1,,https://dk.rs-online.com/web/p/nodstop-trykknapper/2320000?gb=s,RS components,,1,DKK659.00,DKK659.00,0
Adam DYN-Info M12-5,Electric,Standard,,Basket,Good,,,,,,2TLA020051R5100,,,RS components,,2,DKK345.00,DKK690.00,0
Eva General Code,Electric,Standard,,Basket,Good,,,,,,2TLA020046R0800,,,RS components,,2,DKK108.00,DKK216.00,0
"M12-C61, 6m cable",Electric,Standard,,Basket,Good,,,,,,2TLA020056R0000,,,RS components,,2,DKK215.00,DKK430.00,0
Safety contactor,Electric,Standard,,Basket,Good,,,,,AFS16-30-22-11,1SBL177082R1122,,,RS components,,1,DKK508.00,DKK508.00,0
Smile 41 EWWWP Estop Box,Electric,Standard,,Basket,Good,,,,,,2TLA030057R0100,,,RS components,,1,DKK1900.00,DKK1900.00,0
"M12-C63, 6m cable",Electric,Standard,,Basket,Good,,,,,,2TLA020056R3000,,,RS components,,1,DKK325.00,DKK325.00,0
2-pin connector female chassis,Electric,Standard,Done,Recieved,Slight modifications,Bottom plate is too thick for pass-through. May need to use silicone and not oring,"Chassis mounted 2-pin connector for heating elements, thermocouple and limit switch, z-axis",,,144-4165,144-4165,,https://dk.rs-online.com/web/p/industrielle-cirkulaere-stik/1444165,RS components,,4,DKK73.00,DKK292.00,0
2-pin connector male cable mount,Electric,Standard,Done,Recieved,Good,,,,,144-4186,144-4186,,https://dk.rs-online.com/web/p/industrielle-cirkulaere-stik/1444186,RS components,,4,DKK42.00,DKK168.00,0
"19"" USB hub",Electric,Standard,Done,Recieved,Good,,,,,,,,,Amazon,,1,,DKK0.00,0
"5V 4A power to USB hub 5.5,x2.1mm jack",Electric,Standard,Done,,Good,,,,,GSM36E05-P1J,791-0935,,https://dk.rs-online.com/web/p/ac-dc-adaptere/7910935,RS components,,1,DKK148.50,DKK148.50,0
3P+N+E Male,Electric,Standard,Done,Recieved,,,Power outlet for blower,,,214-4090,214-4090,,https://dk.rs-online.com/web/p/industrielle-stromstik/2144090,RS components,,1,DKK70.00,DKK70.00,0
3P+N+E Female,Electric,Standard,Done,Ordered,,,Power input for machine,,,214-4188,214-4188,,https://dk.rs-online.com/web/p/industrielle-stromstik/2144188,RS components,,1,DKK70.00,DKK70.00,0
E-stop,Electric,Standard,Done,Recieved,,,,,,225-5896,225-5896,,,RS components,,2,,DKK0.00,0
Switch for VFD,Electric,Standard,Done,Recieved,,,,,,265-7690,265-7690,,,RS components,,1,,DKK0.00,0
Y axis stepper bracket,SensorGantry,Custom,,,,,,,,,,,,DTU,,1,,DKK0.00,0
Y axis idler plate,SensorGantry,Custom,,,,,,,,,,,,DTU,,1,,DKK0.00,0
X axis top bracket,SensorGantry,Custom,,,,,,,,,,,,DTU,,1,,DKK0.00,0
X axis bottom bracket,SensorGantry,Custom,,,,,,,,,,,,DTU,,1,,DKK0.00,0
X axis idler bracket,SensorGantry,Custom,,,,,,,,,,,,DTU,,1,,DKK0.00,0
Z axis linear rod,SensorGantry,Custom,,,,,,,,,,,,DTU,,1,DKK37.00,DKK37.00,0
Z axis stepper bracket,SensorGantry,Custom,,,,,,,,,,,,DTU,,1,,DKK0.00,0
Sensor bracket,SensorGantry,Custom,,,,,,,,,,,,DTU,,1,,DKK0.00,0
2040 Alu Support,SensorGantry,Standard,,,,,,,,850-8482,850-8482,,https://dk.rs-online.com/web/p/products/8508482/,RS components,,1,DKK111.00,DKK111.00,0
Y axis linear guide,SensorGantry,Standard,,,,,,,,SSEBMZ20-520,SSEBMZ20-520,,https://uk.misumi-ec.com/vona2/detail/110300043860/?HissuCode=SSEBMZ20-520&PNSearch=SSEBMZ20-520&KWSearch=SSEBMZ20-520&searchFlow=results2type,Misumi,,1,DKK860.00,DKK860.00,0
Y axis timing pulley,SensorGantry,Standard,,,,,,,,,,,,3Dnielsen,,1,DKK163.00,DKK163.00,0
Y axis timing idler,SensorGantry,Standard,,,,,,,,,,,,3Dnielsen,,1,DKK238.00,DKK238.00,0
GT2 6mm belt,SensorGantry,Standard,,,,,,,,,,,,3Dnielsen,,1,DKK80.00,DKK80.00,0
Y axis nema 14,SensorGantry,Standard,,,,,,,,,,,,OMC,,1,,DKK0.00,0
2020 X arm,SensorGantry,Standard,,,,,,,,187-3273,187-3273,,https://dk.rs-online.com/web/p/slanger-og-profilstivere/1873273,RS components,,1,DKK64.00,DKK64.00,0
X axis nema 11,SensorGantry,Standard,,,,,,,,,,,,OMC,,1,,DKK0.00,0
x axis timing pulley,SensorGantry,Standard,,,,,,,,,,,,RepRapWorld,,1,DKK148.00,DKK148.00,0
X axis timing idler,SensorGantry,Standard,,,,,,,,,,,,3Dnielsen,,1,DKK200.00,DKK200.00,0
X axis linear guide,SensorGantry,Standard,,,,,,,,SSEBLZ10-274,SSEBLZ10-274,,https://uk.misumi-ec.com/vona2/detail/110302586530/?PNSearch=SSEBLZ10-274&HissuCode=SSEBLZ10-274&searchFlow=suggest2products&Keyword=SSEBLZ10-274,Misumi,,1,DKK386.00,DKK386.00,0
Z axis linear stepper,SensorGantry,Standard,,,,,,,,11E13S0754ED-100RS,11E13S0754ED-100RS,,https://www.omc-stepperonline.com/nema-11-external-34mm-stack-0-75a-lead-0-635mm-0-025-length-100mm-11e13s0754ed-100rs,OMC,11E13S0754ED-100RS.pdf (https://v5.airtableusercontent.com/v3/u/33/33/1728496800000/PFEj0kLln0fAUljr8grD1w/oR3EFH38Slt0XvrE0R7-rH6RilZOO3fS2aVBw0hesg_-bRVNMVBoPcGqErXcKrLxme5CVFUQRhXho8kX4tjsWvm6km_-CMOPP1wy1sxNYcbH989E3HbMeY1MAC62K76qbS_ZK51M8WPNN06eLB7L3RAH6EuvwajxTQzydpft-c8/7vFV_Q7x6i9Pzi7gGa-QwOmQlXxgWLqMjP_QJ0xYFVg),1,,DKK0.00,0
Z axis guide clamp,SensorGantry,Standard,,,,,,,,STHCB5,STHCB5,,,Misumi,,1,DKK119.00,DKK119.00,0
Z axis linear guide,SensorGantry,Standard,,,,,,,,LHFC5,LHFC5,,https://uk.misumi-ec.com/vona2/detail/110300027060/?CategorySpec=00000424988%3a%3ab%0900000144089%3a%3aa%0900000004087%3a%3amig00000001997623%2cmig00000002014192,Misumi,,1,DKK141.00,DKK141.00,0
Automatic fasteners,Support,Consumable,Done,Recieved,,,,,,767-5686,767-5686,,https://dk.rs-online.com/web/p/dele-til-samling-af-system/7675686,RS components,,8,,DKK0.00,0
Standard fasteners,Support,Consumable,Done,Recieved,,,,,,767-5689,767-5689,,https://dk.rs-online.com/web/p/dele-til-samling-af-system/7675689,RS components,,32,,DKK0.00,0
"19"" Rack plates",Support,Custom,Done,Recieved,Slight modifications,A tiny bit too wide. Corners need rounding and the bend flaps could be shorter so as to not go over 4040 profile sides,"2 sheet metal plates for mounting 19"" rack equipment",,"Steel,Stainless steel",,,,,DTU,,2,,DKK0.00,0
Cover plates w/door,Support,Custom,In progress,,Good,,,,,,,,,,,2,,DKK0.00,0
Cover plates,Support,Custom,In progress,,Good,,,,,,,,,,,2,,DKK0.00,0
Desktop,Support,Custom,Done,Recieved,,Desktop in front of PC screen,,,,Alusandwich Neobond,,,,PlastDK,,1,DKK400.00,DKK400.00,0
"19"" rack shelves",Support,Standard,Done,Recieved,Good,"adjustable 19"" rack supports shelves from Conrad","Expandable shelves for supporting 19"" rack equipment",,,Digitus DN-19 GS-SRV,,,https://www.conradelektronik.dk/da/p/digitus-dn-19-gs-srv-19-tommer-netvaerksskab-skinner-1-u-staal-1456108.html,lightpartner,,2,DKK319.00,DKK638.00,0
Cover hinges,Support,Standard,In progress,,Good,,,,,,,,,Misumi,,3,,DKK0.00,0
Cover latches,Support,Standard,In progress,,Good,,,,,,,,,Misumi,,3,,DKK0.00,0
Cover handles,Support,Standard,In progress,,Good,,,,,,,,,Misumi,,2,,DKK0.00,0
Castors,Support,Standard,Done,Recieved,Good,,,,,,,,,RS components,,6,,DKK0.00,0
System PC,Support,Standard,Done,Recieved,Good,,,,,,,,,DTU,,1,DKK5000.00,DKK5000.00,0
4040 Extrusion,Support,Standard,Done,Recieved,,"4x 1000mm,
2x 960mm,
2x 520mm,
2x 695mm,
4x 700mm",,,,,,,,RS components,,6,,DKK0.00,0
8040 Extrusion,Support,Standard,Done,Recieved,,"2x 695mm,
2x 520mm,",,,,,,,,RS components,,,,DKK0.00,0
Multiblock,Support,Standard,Done,Recieved,,,,,,,,,,RS components,,20,,DKK0.00,0
Beslag til topplade,Support,Standard,Done,Recieved,,,,,,,,,,RS components,,8,,DKK0.00,0
Leveling Feet,Support,Standard,Done,Recieved,,,,,,,,,,RS components,,,,DKK0.00,0
Silicone sheet,Raw Materials,Consumable,Done,Recieved,,1mm silicone sheet for gaskets,,,,,,,https://silcofa.shop/silikone/plader,,,2,DKK780.00,DKK1560.00,0
Loctite 222,Raw Materials,Consumable,Done,Todo,,,,,,,,,,,,,,DKK0.00,0
Montage pasta,Raw Materials,Consumable,Done,Todo,,,,,,,,,,,,,,DKK0.00,0